country,year,GDP_growth,Investment,Human_capital,Trade_openness
Germany,2000,16.985249742173952,31.660768970216715,3.0355739469041287,58.22715081380829
Germany,2001,11.478327927651955,26.79111139856967,3.022201738461365,58.50709504093038
Germany,2002,13.382325434762278,26.59822501702193,3.6187613220451107,67.01719945504023
Germany,2003,15.520029692592358,27.120499986394794,3.6585485661550363,81.31791291484235
Germany,2004,14.660264395719794,28.386748940985097,3.6685570091108017,81.16505716375191
Germany,2005,13.054695017888973,25.860261483470353,3.556122155798563,68.70347599324414
Germany,2006,20.890917859587375,30.327530503468445,4.004009626830483,73.46009841707794
Germany,2007,17.911028758045678,31.292424975112162,4.046278971482945,78.36939042551309
Germany,2008,14.261968882528924,28.514585508654072,3.609352895805086,62.47249136170645
Germany,2009,17.286236469757142,29.476992970870903,3.797895223862874,81.27745117529162
Germany,2010,12.70978180983289,25.201850649575327,3.1710698681340834,76.83258615959419
Germany,2011,10.776095567816439,26.421681287041007,3.164011944362252,67.60423064661846
Germany,2012,7.5436893979629644,20.048370120476946,2.9176737294362187,48.605561141169126
Germany,2013,4.651610941275605,15.87283832817285,2.7163926983352478,54.15041088533029
Germany,2014,5.9185455052695275,16.621931800945127,2.5602699955352253,49.545858554147955
Germany,2015,6.619554415918898,19.379831779759506,2.8926820670260103,58.54405885043806
Germany,2016,4.460562664886896,20.454768670203052,2.315765100287523,42.912512832008396
Germany,2017,9.832371313810885,24.056806404629008,2.544063187811719,43.90203650561558
Germany,2018,7.739751927174088,23.858306240611547,2.404221651681296,46.2319457073779
Germany,2019,2.6509979461513224,18.677100447540965,2.3725388311942375,41.073321840101315
Germany,2020,7.879527692015533,20.478742822249927,2.3471098973595175,45.36729875068605
Germany,2021,8.354988339886281,19.90215952471663,2.3634341589956787,54.85432426426482
Germany,2022,12.039505435397025,24.65682210028584,2.7488051691799065,55.286130751155554
Germany,2023,7.323242287706318,23.64899022015043,2.237182712628216,54.592163282944675
Germany,2024,6.552202545630176,20.310581845413047,1.9135555178490906,48.335206649942585
France,2000,47.194771057194714,30.257568198318445,3.8651633218552552,55.86485477231921
France,2001,49.60384205841246,28.872572358970437,3.371008066498617,67.55260095589026
France,2002,51.146615728584656,27.18636817087945,3.7066371687953175,72.35462889688478
France,2003,52.399614869403315,26.790156733095248,3.2321173567985695,73.051559743319
France,2004,54.96580453828945,30.840437109379593,2.8989817581138357,75.48119672458088
France,2005,51.462832437946126,29.69537865567474,2.9740031434509073,69.63923790436169
France,2006,64.12877932699134,31.912626001713015,3.566239831524528,86.17322769024067
France,2007,66.0632295327051,35.858528679930544,3.5282862576588636,91.49408247548564
France,2008,58.586121040984104,32.07714515914852,2.850497019431507,83.35293180088071
France,2009,61.46897666234257,34.517586090850855,3.200034319110693,81.80085397851835
France,2010,49.934365680152666,30.077116918413694,2.766105231092165,65.82785935218689
France,2011,49.748199802187735,32.10757740132773,3.1029439410350688,63.129205635489036
France,2012,37.20222664370239,30.855370492709685,2.928751454786794,40.46018967194047
France,2013,23.808883947897147,23.63256302645055,2.4968253512920793,25.543957066182216
France,2014,29.095157469776773,21.873621366361192,2.4820487531288062,36.32852892793598
France,2015,34.06524420932286,21.493931979462953,2.468489386039651,48.058815480663625
France,2016,27.820787715928244,21.758413304778976,2.567089423623391,38.22690809921622
France,2017,32.590866665872255,19.13752085726861,2.884565659358854,43.94794965513861
France,2018,30.69008802064062,20.134935956581657,2.586634640917396,41.925446613686226
France,2019,29.75222894660827,18.815571243781378,2.5091397219086167,47.65499447166611
France,2020,35.82046633949046,17.51194903902672,2.5652617156220203,55.84748509479621
France,2021,35.81096055550004,18.125373579881376,2.5710239545945393,53.150763097436965
France,2022,39.11559501760913,18.742088586118108,2.9493388616290055,55.54620884305547
France,2023,30.672987468614984,19.470695682203992,2.7357379884280215,41.50559637804925
France,2024,26.034822394216377,19.54716090216518,2.4269463619276026,35.1766943333393
Italy,2000,20.060934581216603,24.917241331392397,2.988878128313792,59.01632982821489
Italy,2001,17.077725754415827,22.35199725693188,2.9150123915818997,57.46461575783245
Italy,2002,19.12569939322159,24.434835014809153,3.209554184436124,58.76712491213038
Italy,2003,20.09175404049318,25.67628661122921,3.3119357638159537,61.51636566491112
Italy,2004,20.53031200323887,30.696027569873515,3.1611917387761683,70.62714713208591
Italy,2005,18.773176618583395,30.624807089901328,3.000893980768509,62.674732637054895
Italy,2006,30.09650504727746,32.49179799676101,3.8985881566301823,80.86590014613526
Italy,2007,22.496847437176964,35.189444369642914,3.941327345652923,70.61051630813076
Italy,2008,19.004287300983226,31.582516281235755,3.2813112424421575,68.69364312201073
Italy,2009,25.924585379736403,29.608444215823887,3.586489276646291,81.60258946004151
Italy,2010,13.742436512027064,30.625352141193,3.3312649594627297,53.48257945322664
Italy,2011,15.743729078048636,29.44868825459288,2.910266758673068,54.13623135200754
Italy,2012,13.54839337491257,24.67663295780156,2.755275449313058,54.78584399019151
Italy,2013,10.148576504511267,21.741322017532006,2.268261799998576,48.08814958083019
Italy,2014,14.180152134000554,18.447945555719254,2.4102878657480993,51.62447358182944
Italy,2015,15.699134627564153,16.663499818360982,2.369146222646529,50.422277270278265
Italy,2016,12.984528246342636,19.530645379479033,1.9888318653647516,51.23722162258473
Italy,2017,15.761470539539735,24.241558386486847,1.952380339218479,51.867736446344196
Italy,2018,16.44682474729258,19.55435513129842,2.179429005321651,58.61094531252863
Italy,2019,12.145513282635669,19.10105843860192,1.9804928258205894,49.61199196638634
Italy,2020,14.357720196221695,20.212381482604062,2.144828341065714,54.448423303506814
Italy,2021,15.969400415842292,21.18548502753583,2.5857432892982066,53.15473586067309
Italy,2022,17.96485979132219,22.883664822919055,2.6816692132845517,58.862542693271976
Italy,2023,17.362931694866763,20.929682268157183,2.7143339955333965,55.90591815455798
Italy,2024,11.938554510124275,20.16152919004028,2.0632531233857976,50.814288430288364
Spain,2000,33.45599774919615,26.814249362515035,3.405211810363904,86.24047257218274
Spain,2001,27.558302631973316,25.687304732659584,3.168424329409441,76.13608554748724
Spain,2002,34.30088895100217,32.00347735828935,3.2465477493562065,73.45534295594162
Spain,2003,37.85004416163249,33.5640238513322,3.25471647261668,75.51207657429472
Spain,2004,32.399122385886315,31.013311323614964,3.5139248883387615,65.91515274906114
Spain,2005,34.67173675838167,31.13421488528779,3.1522236419608163,80.13573967730827
Spain,2006,40.78722285243863,34.41837691599128,3.782002717690051,85.34884541912636
Spain,2007,37.86600168087006,30.263819225091915,3.7092118315673113,82.57091824467005
Spain,2008,29.756366605756643,26.546747662266462,3.5186628615262245,77.90799481313833
Spain,2009,34.369244758128474,26.39016395967386,3.734228789926843,80.69967008864295
Spain,2010,28.206444057941987,24.523185896282104,3.518873822536387,71.25337386951207
Spain,2011,26.976390028768176,25.508490665671335,3.2304211944490815,62.70451326412637
Spain,2012,26.26062411014869,26.287849475739364,2.8313099256917122,60.44164152686609
Spain,2013,21.000730528153838,21.634664875671547,2.2749290719401274,63.3389799272822
Spain,2014,18.010561519915743,18.586451787807597,2.163000709542388,62.22513316208702
Spain,2015,20.598010092921726,20.532956646711433,2.4169016008786612,66.03602957895339
Spain,2016,12.55386468305369,14.375487619857852,2.4952736208551585,52.46451097776695
Spain,2017,17.36485251503491,17.633341801565088,2.3345217113703467,45.83924088930785
Spain,2018,15.891360083988173,19.29988559587376,2.526104390450439,45.92208561459912
Spain,2019,9.748059759054028,12.56164187801305,2.4047262589555514,40.747453437521514
Spain,2020,20.413439441116186,19.54732316483196,2.6492829967283473,54.85976508508048
Spain,2021,21.83789479236643,21.790630876015516,3.1026893851001836,45.328905616725876
Spain,2022,27.668414205401994,24.295891272081438,3.073793844857232,66.02506614467731
Spain,2023,23.721154140854395,24.123321863807018,2.6358334674246535,59.258457197165825
Spain,2024,20.148370296482057,23.797711956794057,1.9603785842151178,47.507126952588365
Poland,2000,21.124424254103694,24.465556594932764,3.3027695666614023,53.55710382395633
Poland,2001,22.689142022680855,20.638562848340303,2.9197092634716384,59.260033692879254
Poland,2002,26.18829989090445,27.02819661185994,3.134954124176916,64.73585694301708
Poland,2003,25.549480766920286,29.291994899080255,3.398295006190274,67.93721827741291
Poland,2004,30.289048671431015,26.880362805781797,3.325980850816591,73.99461812263944
Poland,2005,28.711886757178423,24.14388767233822,3.0844725016539916,71.69611072512222
Poland,2006,33.57949366342885,31.05104648282653,3.8600423675128894,81.08864864026621
Poland,2007,35.442012261206905,35.523222418566036,3.8462558464215464,88.3326258236584
Poland,2008,26.322695523630667,30.423194873802775,3.7903441476026107,69.38523708849571
Poland,2009,32.207259375752884,28.996334112446224,3.3162871122442152,78.84877449822943
Poland,2010,27.594862329357564,25.876168138616585,3.294664635727082,71.79329687685691
Poland,2011,26.976582595892527,25.65837583854993,3.479402548260949,66.02197122967345
Poland,2012,23.140369416536245,17.739859096555342,2.5314250706196093,59.52849977193707
Poland,2013,11.846916597266082,16.669076270292354,2.1705527002455343,41.167609140050004
Poland,2014,16.511167900858126,16.37463688680843,2.05863958163288,46.74885997986594
Poland,2015,17.334002158803017,19.483785999288337,1.957600915775047,46.24653773924886
Poland,2016,13.04922494428038,21.95512655075441,1.887284253327712,40.76615324738268
Poland,2017,18.881691687516682,23.285244492607546,1.9472178048342028,51.346865984181356
Poland,2018,16.36891645620405,20.286423691541934,2.452677477385846,43.46123721793447
Poland,2019,7.549942070536789,13.897905750788045,2.1676064106909676,27.268935033377346
Poland,2020,9.773596962385813,22.95366374595494,2.6709324605710973,30.76150450068172
Poland,2021,17.58476511932994,22.96860745896917,2.8487886010223833,46.64338756354313
Poland,2022,19.28977890071246,25.843985401030718,2.897362597667736,50.06177720413852
Poland,2023,22.943848307942815,23.81744799200618,2.6643034926925377,62.28474680046953
Poland,2024,9.988147499181231,19.643367179340938,2.3430302972352437,36.1016162728223
Romania,2000,70.97209432074226,34.84216892650815,3.7550522713020715,78.7417501441864
Romania,2001,55.40269439276593,29.668138193394846,3.3739718744767195,65.05856555370505
Romania,2002,63.49969283139119,29.677248777758734,3.5010404268294955,70.90360697132897
Romania,2003,73.33645327087095,29.523837715477672,3.7497798848186257,92.94836169057649
Romania,2004,67.07733579941977,30.296141170139244,3.929035388892096,83.72473344279885
Romania,2005,65.34840708433937,28.39573104420548,3.734295376397761,82.34968955802958
Romania,2006,75.79020501734846,35.520019547465516,3.708496513172977,86.28914594689347
Romania,2007,75.77328019652431,34.73187389694847,3.5099998644618657,87.13480058125364
Romania,2008,70.81493196583352,31.030193096149027,3.1802008633052115,88.84882491800633
Romania,2009,69.51560112625776,31.29901206531683,3.514047648834013,82.42692742753539
Romania,2010,63.33593556340046,27.648623453482905,3.2865961709093727,82.67393462999988
Romania,2011,63.720233702816635,27.620642324333787,3.072884260623517,77.32414006404596
Romania,2012,45.28147380695202,21.0439526407323,2.8197691960828006,61.29147678323066
Romania,2013,34.244523511265456,16.14181832165274,2.2957788433013997,51.62371216845423
Romania,2014,36.797158955920466,17.990667178589792,2.1397658292671133,47.2298094058366
Romania,2015,39.05969889630135,19.159633599680003,2.048815373178118,46.5872066198399
Romania,2016,26.75787399956855,17.881287008504447,1.968235945180823,29.649789032218713
Romania,2017,31.074342966040533,19.16319598657714,1.980511991924368,32.1350906931491
Romania,2018,31.57558987624717,19.509769138770103,1.9665928909940538,33.45580354837975
Romania,2019,19.964836531457298,14.964217160418652,2.0415095774897027,26.828857742892723
Romania,2020,34.14690378905297,17.19154284684229,2.179273181399823,43.57958583935674
Romania,2021,42.225753669181636,20.459483655460303,3.015460181645036,49.7359805689791
Romania,2022,46.986932612649305,22.454154723715384,3.3028802618371365,49.933561285685855
Romania,2023,43.902840968167006,22.906571095658858,3.0457977390934263,50.75679052589699
Romania,2024,30.767175310207463,15.93167239827478,2.328635975025296,45.381626021438606
Netherlands,2000,37.33264189234386,29.72835115677333,2.9273842774445407,68.04968567551099
Netherlands,2001,31.286739981934627,29.5311809840412,2.946778831513551,63.307190743035505
Netherlands,2002,39.14494724952858,30.667499321344167,3.090438960373726,77.71591807219467
Netherlands,2003,38.45580093351547,31.218927031011155,3.667818138760437,70.06368410649259
Netherlands,2004,40.14158109363201,29.761717196866652,3.598072171589178,76.45106990398796
Netherlands,2005,33.80535347713733,25.09754934594311,3.626785803885222,68.6344747630652
Netherlands,2006,44.43291924038316,30.03518704045314,3.4904453281774273,81.41052210901624
Netherlands,2007,43.880134230658015,30.938291306056716,3.6798883552768196,85.0724725467978
Netherlands,2008,34.526200483267296,29.559134293741874,3.6708033704263183,67.10207843379706
Netherlands,2009,39.569727248375095,27.456586535478465,3.65880067266816,76.15981492701127
Netherlands,2010,28.724526763930992,24.422542768767386,3.595879660339272,67.51470114579529
Netherlands,2011,33.57865692940159,27.38004030029906,3.250291406709679,68.89897846263432
Netherlands,2012,28.39077766066041,25.539792030665076,3.3688953917145517,60.36566213441364
Netherlands,2013,25.842459914646064,24.337161073156263,3.3708579360694,64.57340826960603
Netherlands,2014,22.037469619973955,22.274410334194354,2.7598028054269474,49.44585391200303
Netherlands,2015,21.40936242689393,21.99439728002283,2.522049534091139,46.11735776774417
Netherlands,2016,21.19409583861118,22.973489475976564,2.7226279745226454,40.68086752374566
Netherlands,2017,22.129099979404234,21.735278064766735,2.9991494980335656,41.722197370095294
Netherlands,2018,18.49811204055833,21.733297216846367,2.6382777070745025,39.42281773570322
Netherlands,2019,15.554942430297368,18.976911198319158,2.287877513940612,41.578631977611586
Netherlands,2020,25.10743977807323,20.714475385350088,2.526801697083674,56.26168455703265
Netherlands,2021,24.25582077314901,21.941853359955633,2.4376835495713265,52.1736564194594
Netherlands,2022,29.668468974248874,24.921540161148577,2.6170581843629344,55.84977228285458
Netherlands,2023,25.683786441355636,23.129514588983174,2.452322191335966,57.65454364335419
Netherlands,2024,18.55445078422698,24.046309838254384,2.2723594774006606,43.24876911692232
Belgium,2000,91.8880113875202,30.039617376372746,3.493721486647683,96.52213220014974
Belgium,2001,74.79800187335947,27.198491044704696,3.6287401321634842,75.42977439981361
Belgium,2002,73.72946170870362,25.129498921417568,3.578394569757178,76.49324758585767
Belgium,2003,83.28197590109498,29.89494983760099,3.379825840095282,80.82703224592858
Belgium,2004,87.54116014293956,32.353606828173255,3.438869011091584,87.60370514213778
Belgium,2005,76.42292908305588,27.93559248904956,3.5141449105588802,76.37377638522408
Belgium,2006,90.84641258361896,30.87874249732723,3.747850221117174,88.95128293162729
Belgium,2007,91.21140888499623,31.240186898638076,3.687131458968483,91.79657215471708
Belgium,2008,80.83072153954632,28.99568087274605,3.627783151049412,80.99941334004026
Belgium,2009,82.26818667983454,31.30184980953114,3.7591985648151085,79.3219310830721
Belgium,2010,75.08848792550386,31.432089457122316,3.6766041341017184,70.895601033675
Belgium,2011,74.53751774443303,28.67379886303292,3.541628050261567,73.75923158185212
Belgium,2012,57.01852355631166,23.395653730267796,3.1820835601206987,56.42144558987675
Belgium,2013,44.98680757777536,18.622508939730057,2.9803710091761304,46.51138807545925
Belgium,2014,35.83418502515067,18.446391903318442,3.1203012457936365,35.24823130434535
Belgium,2015,45.79175785928524,20.77405546824839,2.835189975148461,44.978329038785326
Belgium,2016,39.12862573397773,24.47389384669396,2.883014456006082,29.989310749866465
Belgium,2017,41.09339836636537,22.60911385562782,2.809428106374582,33.826107410626584
Belgium,2018,43.577904746303254,22.46641419867001,2.8203699320823183,38.736660216205664
Belgium,2019,40.62743988691492,19.55773707534205,2.951291889666858,40.28206426786194
Belgium,2020,51.79906233445019,23.71607294777401,2.998121029242061,46.16336701557149
Belgium,2021,57.02638787448724,28.672828320059576,3.005281199934537,46.64080146452852
Belgium,2022,69.62480462747492,27.587733637477623,2.839173779713766,68.43308248717305
Belgium,2023,52.49847386114811,24.87375683715373,3.0523970313398467,49.2503267550318
Belgium,2024,36.26315278026975,23.53540228923579,2.9953554855352427,27.629902791693986
Greece,2000,43.361404209511804,29.061824723729234,3.5087554285694162,68.66981053661762
Greece,2001,32.44162050847877,25.41246863188301,3.3830732385063134,57.442139847338595
Greece,2002,46.72051255991709,24.983820980625453,3.701381940860794,74.29046614986143
Greece,2003,50.652831828086406,27.813282664645786,3.7593867080119225,82.51929505781635
Greece,2004,48.351285479939314,28.086028065905715,3.7745172930030844,76.6494672030877
Greece,2005,44.45072645377587,25.81781526911206,3.487424891479864,71.82917055835725
Greece,2006,62.50294173005673,27.495112909894104,4.121287420934641,82.30857725011388
Greece,2007,48.15409380393941,30.211692168735546,3.86191384849398,70.26975443226455
Greece,2008,41.110421956147746,28.96092534903451,3.9496832998727895,67.90617002884863
Greece,2009,43.813817925315206,29.472641053160274,3.8294949398398446,69.24180300108412
Greece,2010,32.41812613445429,30.22206878419355,3.1517480412068197,59.55524494925303
Greece,2011,32.637393677956055,26.36327223764849,3.1609846426509285,59.624774170609804
Greece,2012,34.68035073592596,20.992697007420002,2.850310198121118,68.99035566020459
Greece,2013,23.05592216836581,19.260953208155044,2.729508202671733,59.07740440391843
Greece,2014,20.44537483907697,20.713842368612564,2.3027091394150205,44.68121525480484
Greece,2015,26.313064719033207,22.94520003897086,2.239345156208512,47.275434293915595
Greece,2016,25.86648106128402,22.239391340266764,1.8238980987421225,51.44314630883084
Greece,2017,36.608195110097135,23.5441782608544,2.0851291890112424,55.30728194093403
Greece,2018,25.570543788427262,20.570014384287084,1.7276604452675497,49.68463372404961
Greece,2019,9.539846020765657,22.180036658990414,1.4778310237060222,36.34740397258989
Greece,2020,27.84524467966502,22.763872705772876,2.3010647872115033,50.23792684837766
Greece,2021,27.762094987374965,25.654366101859452,2.731382717102661,55.60391918777363
Greece,2022,43.23290617212387,27.741747488096877,3.055799086342059,65.88904867259257
Greece,2023,33.508281358035546,27.103181113750697,2.6421468181512697,61.86677833523113
Greece,2024,28.601587772705173,24.268708935030023,2.42191673942668,57.5495937509029
Portugal,2000,-17.355609877781646,25.204716107490682,3.109212081868893,65.43771945137354
Portugal,2001,-16.723136419419223,26.954741415763117,3.2972824883499525,63.39923101819179
Portugal,2002,-11.658868710460919,28.02762770927552,3.133154560039563,52.22276080053953
Portugal,2003,-14.809885672414108,31.750568928565478,3.0315759763409083,71.77649599264322
Portugal,2004,-14.42868145318019,28.128944272136046,3.2539869180654906,61.332278412615544
Portugal,2005,-12.057150952924806,30.201190445363473,3.402763774518146,59.73196843851678
Portugal,2006,-15.403561031473137,32.353484356739564,4.174391951967087,76.08751277093754
Portugal,2007,-15.967663163310679,29.48267421233644,3.8606838444152562,72.68560802514219
Portugal,2008,-19.07528555613012,26.290690252816983,3.703168644485014,74.20215715518486
Portugal,2009,-18.77161875848306,27.59118911456922,3.71416219631419,77.4450734100542
Portugal,2010,-19.90224598885892,26.481050326114364,3.2632946860842624,67.4714039911874
Portugal,2011,-17.29473267238037,27.58159012991493,3.38903179737459,65.75803765728917
Portugal,2012,-14.491517453638805,23.39900753157156,3.11437101561949,56.43253488078798
Portugal,2013,-13.181539038421095,21.919659076066754,2.3475083295692247,43.399682966059366
Portugal,2014,-9.869423573283274,26.567043527577912,2.656975331295906,31.871039798026477
Portugal,2015,-12.080849783522833,29.01190889567662,2.9214315622606004,45.13653538573623
Portugal,2016,-8.89365488047158,26.873139871460737,2.5278493041885537,38.072941234528706
Portugal,2017,-6.233325482358787,25.427256470180765,2.6591369046208593,32.114768047271546
Portugal,2018,-8.587652128143395,24.364332563345386,2.661401313219517,32.98712136632612
Portugal,2019,-9.981425101799227,22.75198063643979,2.326865599669357,34.277807542245
Portugal,2020,-13.203377576130725,21.284299680334975,2.4324911325861702,47.1273362578672
Portugal,2021,-14.361839987961629,22.321948934621417,2.4916474577192105,47.42710082878252
Portugal,2022,-16.15855391267739,22.249178015430527,2.9193527104306827,58.02843493048113
Portugal,2023,-13.039710627252525,24.42078448101768,3.086754754392332,52.6083718503914
Portugal,2024,-16.086227538011315,23.229781290708036,2.715081424273833,51.71177277342119
Czech Republic,2000,49.1157237281406,29.299960608743763,4.113174925137342,64.90657871572844
Czech Republic,2001,48.94638910405832,27.747178487917424,3.5067309413814947,68.52072531980971
Czech Republic,2002,59.27023945421612,30.420729156640988,3.54192008086902,77.25133874226243
Czech Republic,2003,54.03469610464489,30.879950607391923,3.820016057158103,69.38209851404446
Czech Republic,2004,57.06936151135666,29.36995325358211,3.7633581926385866,74.16780982941225
Czech Republic,2005,53.52209720819566,27.656093608143244,3.5284079818538454,74.27264812226647
Czech Republic,2006,61.4785467980028,31.30293629177431,3.9439661711007283,78.75511652140894
Czech Republic,2007,63.54137651752751,31.5092801351776,4.4101483544130184,87.84492815724158
Czech Republic,2008,57.079655843934674,30.59693820841928,3.8396028862703364,76.4869405546884
Czech Republic,2009,57.45835522471342,31.033193785259357,3.834824176818921,77.47208504491198
Czech Republic,2010,49.934604688421345,29.411140591824715,3.6532876736815156,68.47367977194287
Czech Republic,2011,48.03196023347779,27.722901735748902,3.6124842900157574,66.03695877588059
Czech Republic,2012,38.32732329235925,25.358008782502576,3.4427268793535424,54.3016819373391
Czech Republic,2013,27.236308937516515,18.325789705289026,2.9674508985281776,40.384854672558646
Czech Republic,2014,35.19566152090648,20.471077046583137,2.312238917192124,51.071612944985304
Czech Republic,2015,32.029992473987534,21.425650099387063,2.665158799863441,43.8072916299096
Czech Republic,2016,27.067401980760792,22.310998486910467,2.179611694732514,37.24159457655264
Czech Republic,2017,23.585565095861732,16.45873979366308,2.4101761208790715,30.573105543327564
Czech Republic,2018,24.902685926219064,22.44308643148788,2.221332627200331,34.68326316416275
Czech Republic,2019,18.765300875718598,18.950123878682312,2.0131231141990478,27.007664926718114
Czech Republic,2020,38.62566484324785,23.347066585893646,2.4728833840034534,51.848729072591496
Czech Republic,2021,42.408406106904216,21.59160409793885,2.716587011451974,60.71040113573074
Czech Republic,2022,44.12295071547909,25.757321321829757,3.0546960808521537,58.93028952885657
Czech Republic,2023,48.944155583985946,22.227749548990676,3.165452413182117,69.68505950283809
Czech Republic,2024,42.495324342317424,19.102632599801908,2.765907059237103,62.45766238049033
Hungary,2000,9.026405544759946,26.10944126728098,2.9461090969957833,89.46522051388206
Hungary,2001,5.364293379502491,19.374633079065887,3.085584005891556,66.68189244352801
Hungary,2002,8.481680305587892,28.46203747402001,3.1136950255823637,64.77144322057856
Hungary,2003,6.659881530925928,24.86737062275841,3.3578847661715736,65.76769493009115
Hungary,2004,8.508577279740223,22.631540585363215,3.5327897351145072,73.91814234185553
Hungary,2005,7.577194592725266,25.705581736177574,3.1516171481690547,67.67641274371199
Hungary,2006,11.350985427131882,35.43208450105085,3.826897628864133,85.48667122644582
Hungary,2007,9.13909847664495,34.85978681892472,3.5999900650903416,78.28258953634389
Hungary,2008,7.042716061839217,30.34562459748284,3.2652914672560875,73.78254094406246
Hungary,2009,9.857221923217939,31.815225511565394,3.629391071199263,70.36329721154004
Hungary,2010,8.77653603358171,28.694604272207577,2.9388183944028476,78.66308733817533
Hungary,2011,6.796033940466899,29.270636689184393,3.1311390519800226,63.816506369083996
Hungary,2012,5.923678131342064,24.746301297501137,2.8371593075570294,61.04581130957608
Hungary,2013,2.2025786859011833,22.133075299093,2.555664474203367,56.24173086140654
Hungary,2014,3.8903366803646415,22.645890054750808,2.380046112654737,52.18655659053894
Hungary,2015,4.879272966419939,22.79344531790215,2.673409112957116,49.09388942750482
Hungary,2016,3.2389267791020537,22.584073200873416,2.4371340778059603,45.64257319274261
Hungary,2017,3.5047646363043747,19.940068589595402,2.372446004969422,48.49992091524081
Hungary,2018,3.4627151617162055,21.099246215997464,2.3509949255789135,46.829923420757154
Hungary,2019,2.8143258772736948,17.274117883977667,2.095352381522292,46.95603170010578
Hungary,2020,5.215033614928475,17.990424076651834,2.409841456649161,65.10636361380105
Hungary,2021,3.237901400183724,21.271393845471266,2.5961386166108738,57.561940292371546
Hungary,2022,5.006005047076252,28.249817359308867,2.827038529306198,53.6309236687755
Hungary,2023,5.330866089805976,28.68094027305603,2.5976530361868044,52.95482396161627
Hungary,2024,4.592783176119752,20.121412788936805,1.98561783555881,63.45016538325714
Sweden,2000,18.725880910484427,24.226350882521285,3.287510501875914,59.36397953718134
Sweden,2001,20.841619132191152,27.55161971861685,3.166504074743263,50.7895531867801
Sweden,2002,25.707144735093053,31.148153192654295,3.3388192135894714,50.80755110456159
Sweden,2003,27.246561515827995,28.766322898086962,3.539544278497035,68.32963050931872
Sweden,2004,24.944881120445366,29.344630681373257,3.2723206968306373,64.06319633636743
Sweden,2005,25.094762429525275,30.917625053580384,3.2267449814909313,51.68457876452448
Sweden,2006,30.743584310547956,31.181839182984188,3.47649408308674,75.22849870255176
Sweden,2007,26.7527745106227,30.07264003149097,3.5852819792322754,95.041431402777
Sweden,2008,24.21988671574592,26.94731395578487,3.150078589268191,81.06042454515962
Sweden,2009,26.16677385179494,26.45035479594221,3.305876091949989,86.0953431282685
Sweden,2010,21.166710970273147,24.366147836931543,3.333992474430177,73.70923185581947
Sweden,2011,24.600207441340224,23.05573595656684,3.4689054922166944,67.97502520331544
Sweden,2012,16.01715849990272,23.068583792334856,3.1240189275112393,66.1199112832137
Sweden,2013,15.691533868446081,20.563531683136073,2.434325878738854,50.48890138424986
Sweden,2014,14.689120458767972,21.712337439489357,2.3325963768214204,45.241574164452175
Sweden,2015,15.169936433278375,19.600629948410734,2.73000447312304,46.1994805746107
Sweden,2016,14.66944252474343,21.4927410536083,2.5872356640018572,37.8327084441098
Sweden,2017,17.706854319420152,24.07377994622142,3.0784131495700557,48.54689325681345
Sweden,2018,13.528480033622271,19.43187189092996,2.844565442506079,44.26644870397541
Sweden,2019,11.630531803006098,19.977865210255295,2.384574324082233,31.260798377355652
Sweden,2020,16.85555458877544,24.429244522904202,2.5019966200478634,46.00353440820953
Sweden,2021,17.937192739397954,22.147586540960166,2.685048993287386,45.031825172768926
Sweden,2022,23.516179814053295,28.148949018844622,3.001348664888296,56.08500432247875
Sweden,2023,19.712031209744513,27.041523851671435,3.034569069650035,53.009023821328
Sweden,2024,14.531600395517838,22.360048432280905,2.7518134114259976,51.58676851515539
Austria,2000,52.146585615524785,30.36938956447239,3.368501941984763,70.25987877169953
Austria,2001,44.37114296489402,26.88457040801323,3.0411663234263475,64.29719903421147
Austria,2002,52.229103889826426,30.26009092810563,3.1303700769995366,71.5838715322763
Austria,2003,55.07191618981712,33.912317196695696,3.273830363059096,74.24553694838495
Austria,2004,51.71486145627322,33.01948486532556,3.253431352388281,66.5967938555332
Austria,2005,52.22014068472247,29.909599381887972,3.226822769640878,73.05127837344915
Austria,2006,61.61339083854655,32.26775167561898,3.7723639029563736,80.187483442888
Austria,2007,57.70745222142674,31.29122887818272,3.7583557391965234,79.71472080527249
Austria,2008,48.84698028487043,28.529264649469557,3.5268633602841004,66.72932149187777
Austria,2009,52.13981281448332,29.942730631321986,3.876595830383885,69.57837934043657
Austria,2010,44.173931859201176,26.666557667895674,3.579094187135371,59.20798209764812
Austria,2011,42.787435042572106,26.636046793642343,3.0619838752593855,60.40746062209123
Austria,2012,44.92630297840715,24.662716066950015,2.3033154485059937,67.36481784794033
Austria,2013,30.00600496467819,19.870733159464933,2.456186777167942,46.51854195228843
Austria,2014,23.568139531316778,18.749739959275683,2.1238347922840832,34.74454144597527
Austria,2015,32.2292272263631,18.85923002301999,2.319073421098671,50.7056017171889
Austria,2016,26.75674651769388,13.69135841789813,2.109152405255347,45.88082593984305
Austria,2017,27.214409706645398,14.849789097035488,1.9979047911064078,44.10632993128692
Austria,2018,31.298081325961824,15.926766309511809,2.3374664377931227,51.76130030249217
Austria,2019,22.474894797928805,11.097848414565174,2.266514517475991,39.13268740234256
Austria,2020,37.69603168698182,17.712616699752793,2.398527914806637,58.56613971930464
Austria,2021,41.72444763020589,23.108749162757316,2.0830513965936515,61.736299054464105
Austria,2022,44.414425114335394,28.0621621657281,2.6040919010043018,61.481223353993514
Austria,2023,44.50616241145628,24.199048644875845,2.7650397377311786,70.76516790073
Austria,2024,34.565150696764206,22.15970051123697,2.144165739485455,52.06048937339269
Bulgaria,2000,9.367772981081686,30.603383466371593,3.1128475664152746,64.13515411356228
Bulgaria,2001,8.645116286938817,27.42639015066918,3.3189389517193275,63.763287497231595
Bulgaria,2002,8.612677771090159,30.832080063912926,3.4202356363564306,64.5923971190338
Bulgaria,2003,11.010181217236955,32.83263489499613,3.4557251032203546,77.11006470620572
Bulgaria,2004,8.698484325325337,30.471936552308854,3.79233777623265,75.35073472112184
Bulgaria,2005,8.586269456203942,26.6463217695076,3.324723338514601,74.1168585120813
Bulgaria,2006,14.38494481299383,32.473580165913894,3.6912851277670393,80.88309695389735
Bulgaria,2007,11.909174666395021,30.381544514883466,3.5617011853999334,83.96966147435688
Bulgaria,2008,10.051137984482672,31.662298994392863,3.387695871791364,74.97466984378946
Bulgaria,2009,10.18737349951253,31.93445711377428,3.718838682974948,65.63482280938608
Bulgaria,2010,7.918801108151269,26.93601051561447,3.463071939152961,65.55217799910054
Bulgaria,2011,6.334231462955527,27.15448135134559,3.415031861884937,60.70410342947833
Bulgaria,2012,5.6392223425111725,21.148839388742825,3.3496660819634423,55.238638232590446
Bulgaria,2013,0.5370398262684617,17.814759350214835,2.948884544503439,56.663843830694766
Bulgaria,2014,3.5239173310544416,21.52765731814327,2.6957776325301,62.074540151914086
Bulgaria,2015,2.56563250546031,21.02954952840465,2.5908245882397205,59.06321032954144
Bulgaria,2016,4.428977241895966,18.894961568809705,2.2923761651816896,57.74398004328718
Bulgaria,2017,6.45127241676982,21.66607146085721,3.017127460430129,67.51045727061697
Bulgaria,2018,4.972935320455328,23.58428362170163,2.6944207498962953,62.18712865020116
Bulgaria,2019,4.791905292996531,20.930895971954335,2.5719406490748975,70.09845602204423
Bulgaria,2020,5.635562418838118,23.818205269559126,2.706023131310883,67.80578684726864
Bulgaria,2021,7.140620921265823,22.234756913907457,2.908767107369757,52.711186894985104
Bulgaria,2022,8.929687978780919,22.856162572325694,3.248088645409114,64.26190134847893
Bulgaria,2023,5.691316957541439,26.264742053214334,3.287918908599423,63.59764394581102
Bulgaria,2024,5.220321810780424,21.038700524820516,2.8462499643694583,64.51665608500585
Denmark,2000,16.930454931491767,30.99092602979463,3.371867525217566,86.75112854374035
Denmark,2001,10.391160893670124,27.001826358291616,3.3844050583539547,64.53800464143146
Denmark,2002,13.847211771820895,26.25958062208159,3.100832051923044,67.54954881789645
Denmark,2003,12.965621248965967,28.579129412368015,2.981445144349583,67.13008524084493
Denmark,2004,9.7438165256446,27.488608334560993,2.8823024007159943,57.62315215478745
Denmark,2005,12.5282651257057,25.95004141935518,3.301471938155875,60.27993538127773
Denmark,2006,17.766859986468766,33.59469671571366,3.5049452310113822,76.46035185838383
Denmark,2007,18.828262327172723,36.93406953795015,4.122656605278962,88.01905598000019
Denmark,2008,14.260309515509975,32.6069182657908,3.570123099551367,79.8263665086115
Denmark,2009,14.427302446158114,30.641836831926952,3.617566674104523,73.74360670068988
Denmark,2010,14.864163470760486,28.23153931994881,3.655378974361659,77.13004854417663
Denmark,2011,13.956727519515841,29.627559456048502,3.7997991247754594,78.12023902981298
Denmark,2012,11.863898408517393,24.03591058509559,3.7576231615906113,67.38293321885938
Denmark,2013,6.36309931147249,19.74080110376021,3.3578352867658134,51.73138392318811
Denmark,2014,7.8677144135812584,18.16892066676798,3.083039506326445,40.64446149418156
Denmark,2015,8.325569247676452,17.255012217542177,2.941906228223098,42.17638413544589
Denmark,2016,8.130427433415534,18.323380671041374,2.8390081273931984,48.89570332702441
Denmark,2017,12.853086232094658,18.976186985763032,2.646338513618125,60.72465610722216
Denmark,2018,10.361574607140085,19.37133732143625,2.430104922694685,62.22945369094666
Denmark,2019,5.686316339701523,13.895640327071836,2.298740782571346,42.750059681203226
Denmark,2020,7.089437939484621,17.219479096509723,2.55686198989301,41.33185379539587
Denmark,2021,8.50421789302394,21.407629142047156,2.63980235636508,49.167320835391436
Denmark,2022,10.872095896960529,24.143939131697017,3.062768183965014,48.21616142217062
Denmark,2023,9.04410212821918,26.188321895569686,3.1034705831615117,52.63223558587468
Denmark,2024,4.965912267875368,19.82325730627254,2.7828206523737724,43.56705138038726
Finland,2000,-6.677922852529399,25.605093850296885,3.174979002119222,74.01852465108956
Finland,2001,-8.804542480441976,21.728730950911817,3.003554223844107,71.74728017399556
Finland,2002,-4.184674039945051,26.104380430131027,3.066748780959209,73.23463931232932
Finland,2003,-4.174257233277141,26.182938518855206,2.7618850039403666,74.52880358569327
Finland,2004,-5.126481665396901,24.657263000006505,3.2299668512073763,69.02704979735118
Finland,2005,-4.031951266119398,19.76569745144039,3.3166151135348905,68.52023642449882
Finland,2006,1.456334134098676,26.78778970642445,3.683202117794405,72.54109084035566
Finland,2007,2.1994495837190056,31.729144396765815,3.6783119742905983,60.07717653194293
Finland,2008,-2.515639593673756,31.859819061285293,3.478856023513106,67.26593621921616
Finland,2009,-2.8686917528356344,30.213971852848374,3.2621006218406707,78.62963684716986
Finland,2010,-4.211217122499085,26.04606727047997,2.959417406935048,56.08585774957381
Finland,2011,-0.9278932195146319,27.205791380822117,3.2214911966821713,53.35086611379963
Finland,2012,-6.0716672107423415,22.671454279531698,2.644551284974723,58.92925157118937
Finland,2013,-9.993108877631503,22.060161652763433,2.5357633019440113,62.91898959574272
Finland,2014,-4.842001657814272,23.46732137874234,2.2327336280462635,50.06138202989346
Finland,2015,-1.6325439024044939,25.963603884388295,2.5745146707442936,41.674876978424095
Finland,2016,-4.465222245820126,23.8209569828094,2.53285051273045,38.70156418717209
Finland,2017,-5.34545317662757,23.172003636407744,2.285737038342349,51.64423134507996
Finland,2018,-4.459256396112752,21.009136609631735,2.6552841641781137,43.44219274500704
Finland,2019,-3.5360497551928205,18.02080887152679,2.1836027518477668,32.39084936415463
Finland,2020,-2.109316479595958,20.457666345888164,2.3211747099592532,41.07032918010911
Finland,2021,-3.139206328263391,23.072936734746,2.628013261346052,42.759771143343485
Finland,2022,0.2311925434095693,27.402653856063313,3.2314693142199187,54.499916852871685
Finland,2023,-6.89682024692439,24.360252006676763,2.828750333267371,62.12817048735868
Finland,2024,-5.412388144158568,24.779078206576916,2.5279950573629515,53.41335654567402
Slovakia,2000,2.8979032181229107,26.7560470328899,3.171470737797107,83.00476469977386
Slovakia,2001,1.2778845886509382,24.573798009161766,2.8872321601173185,79.52631249767478
Slovakia,2002,5.051302851287445,23.837836175945725,2.9909273744308256,75.57924473584166
Slovakia,2003,3.8967900483357742,28.187379548710673,3.3161833893417105,64.7832954315845
Slovakia,2004,3.2542608783836497,28.02027394018772,3.7560956188741232,65.48621309624338
Slovakia,2005,2.406787940683644,26.647341198286824,3.1996536719508333,73.9765425567392
Slovakia,2006,9.733265845372406,37.46197545085852,3.781008835769351,82.88764783467803
Slovakia,2007,5.257438308491814,34.81464411776852,4.034134242787685,77.32153745468408
Slovakia,2008,0.7031923243686666,28.76489117249249,3.514478483285819,69.65174182099109
Slovakia,2009,5.236206572388859,29.286749988941786,3.738995839766172,79.98027476163892
Slovakia,2010,2.8912694882720644,28.75760260517632,3.053379986022648,74.1333970212707
Slovakia,2011,4.501151643259195,27.886387185033485,3.198467333138997,67.21879928056383
Slovakia,2012,0.07330331402202045,21.691266928921593,2.785523520767382,58.798943717033296
Slovakia,2013,-1.1509855613811322,21.920453190095678,2.674660248585121,46.885253110575064
Slovakia,2014,0.7340413769419407,19.86907387812565,2.7837427608580048,36.02052640559231
Slovakia,2015,-0.7979160427526515,24.87775806826407,3.269306490255726,49.21319043510122
Slovakia,2016,-0.08616904118850871,24.81508570476721,2.968786470005456,41.40454141395322
Slovakia,2017,0.9422704551445561,22.707760819622155,2.8707958931567616,51.79089315159048
Slovakia,2018,0.5678951794922116,24.289665491322644,2.70783474873945,56.51760935464323
Slovakia,2019,-3.111449075494564,20.219660171744785,2.1938163642415516,48.97186489328208
Slovakia,2020,1.4860287019914749,23.30079604488656,2.5279374568502777,49.25442668532789
Slovakia,2021,-0.7968259120250758,24.435249594027006,2.6050759808568906,54.926520951703
Slovakia,2022,3.037718421368145,24.868089879635786,3.0507490751366912,60.17755518697778
Slovakia,2023,1.9616334561202915,23.0339378278473,3.2018043852331464,49.374388442447156
Slovakia,2024,-2.0915965316793463,22.30067585400027,2.409921547819538,45.97377533173727
Ireland,2000,66.62363488118018,22.781904683034114,2.8337891811029814,80.41383020126122
Ireland,2001,50.299955444830196,25.326252028673885,3.057293403870106,58.34041991548204
Ireland,2002,53.26206726138449,26.013746106778456,3.1778023560010547,60.84981782505017
Ireland,2003,57.00701034807806,27.09501609444333,2.760793029969122,65.37792915230185
Ireland,2004,64.07201259417553,27.662642467201614,3.1582336072407236,76.3597261583537
Ireland,2005,67.59256691022738,26.04937951924493,2.9904334039922396,81.64739967828784
Ireland,2006,80.48048239383206,31.35562468645917,3.444003659429002,91.96729267662121
Ireland,2007,76.33711801586146,29.377350407603256,3.49709798183214,89.60661212872586
Ireland,2008,65.74983361488063,28.71800556695444,3.270224731256647,78.73779650081579
Ireland,2009,76.00421726121398,26.984209613365,3.5502576133473696,89.5270353963377
Ireland,2010,57.90149686966036,25.431816971608605,3.1048245090716904,68.16564961529393
Ireland,2011,56.556616663617405,29.81308617412735,3.244509198557609,67.35353450361302
Ireland,2012,53.693429339233084,23.40225219212899,2.860882448901863,63.809518845776296
Ireland,2013,40.96564902036112,20.41667406400611,2.837604362981155,50.315309944044394
Ireland,2014,36.32992051675275,22.630547226387087,2.945307462131274,41.296819319255064
Ireland,2015,41.57248624715833,24.10335874090501,2.782917995777846,46.13967431239304
Ireland,2016,20.842353803590836,24.206095313050582,3.0184945802097864,21.988870030775672
Ireland,2017,32.64010049326146,24.902579969586533,2.8399319602006887,36.48419907203723
Ireland,2018,29.74296844097606,24.995295428090262,2.9724064380671096,32.35881243462276
Ireland,2019,13.331493599167272,23.72874290536175,2.726863305214212,13.306449268450855
Ireland,2020,34.45123101612177,24.411589329062426,3.166241980114558,35.2855079115503
Ireland,2021,44.33044838507321,23.83206449366598,2.9984278773522446,52.361225268789866
Ireland,2022,52.42756880769755,27.66509341380708,3.1252953908724486,59.64118517179466
Ireland,2023,51.93809020950247,30.02942466355597,3.066947137963264,59.131790504830946
Ireland,2024,42.97036471870004,24.223362233890303,2.6715467547099667,53.56753222314334
Croatia,2000,28.63368194457741,32.82001480500019,3.3256941184402886,81.41092313694595
Croatia,2001,24.70538226585505,31.305289178842415,2.7988701203259216,66.77165544643478
Croatia,2002,26.887937810440572,31.669534327306465,3.0568972364852978,72.16755862753152
Croatia,2003,29.863956368652637,30.57065201681502,3.1223364620899843,88.07065984802594
Croatia,2004,27.45551756491374,26.290227882824194,3.3081611470121906,87.62129976243388
Croatia,2005,23.494619955311112,25.65313859436244,3.490366243730667,75.56521960887338
Croatia,2006,30.776623365212536,29.26676569214683,3.443080941048771,82.56934390197978
Croatia,2007,31.137996821224267,34.36444497808554,3.5868001954702997,72.69824638329418
Croatia,2008,24.724594564712426,29.644039127281747,3.3146207828750147,66.2859282089547
Croatia,2009,28.537453873698503,30.828148864306687,3.639013241034942,74.1659799953299
Croatia,2010,23.40445207141817,28.357113399518283,3.31546539422298,61.11666803286196
Croatia,2011,21.664827214830805,27.553821844799213,3.0801558982026975,61.3773648781214
Croatia,2012,22.25774968589572,27.519513372222015,2.785714686619482,56.88310788741583
Croatia,2013,14.99213672502247,21.798636515832392,2.3815182236610575,43.45043098349075
Croatia,2014,14.699529204149584,21.420516308851305,2.624931331178028,32.508459671491906
Croatia,2015,13.325620390163397,20.581269875422716,2.649510889943654,35.99287859383735
Croatia,2016,14.538506531597612,17.99306116840998,2.939711186370787,36.16090705113207
Croatia,2017,13.837548170520966,18.94603670080221,2.793361429435071,32.74817727767556
Croatia,2018,15.248954726869437,19.823329508162796,2.511540916050736,43.46376491105138
Croatia,2019,9.787110699362453,16.94097052310799,1.9428039279429428,30.7366079181977
Croatia,2020,14.250936343076138,18.65669786557333,2.0004660394438676,41.549198158605726
Croatia,2021,17.6562054644265,18.4469340814056,2.1024729268015463,51.76170121387665
Croatia,2022,21.725949936110702,23.363059114601455,2.774922964404827,60.76153360961958
Croatia,2023,16.890534511374618,20.59926282721382,2.8941393100904858,59.40366718364963
Croatia,2024,13.487804087838285,20.49032769844934,2.2281011900224503,46.96176475351232
Lithuania,2000,5.005532333260961,26.237927206352943,3.3459775396439837,66.08455991488306
Lithuania,2001,4.007505960910128,25.305512745450475,3.1498575527538524,64.88446261859028
Lithuania,2002,5.120680357403187,25.78220171606891,3.4057956964929894,61.84436600062772
Lithuania,2003,7.586486614753018,29.08556190720734,3.575413724530116,68.98709368530035
Lithuania,2004,2.3205682932135883,29.411638643337366,3.086331099459902,65.65499746440246
Lithuania,2005,4.051932617771488,27.554038456461146,3.3897578412688008,64.85204880414209
Lithuania,2006,5.869280541907357,33.80590829629341,3.2344984318826864,75.82772642489576
Lithuania,2007,8.427825658358113,30.501898130574855,3.5891561185536407,74.7592672517139
Lithuania,2008,4.654298733015678,27.435418498766957,3.611139996978361,66.91319826690955
Lithuania,2009,5.969145489128293,30.94605713494412,3.323175379331561,69.15038935952975
Lithuania,2010,1.9945837446250567,27.56451246964301,3.0969619359493605,64.52050375922232
Lithuania,2011,4.977746042973585,25.041207545118215,2.890519352982054,61.86498478310053
Lithuania,2012,2.3923228174999975,24.842097729907362,2.840821606995649,57.70421484569315
Lithuania,2013,3.852051213452885,18.11148669998613,2.6676585666783335,63.83864064234085
Lithuania,2014,1.851217078985048,18.819682480804723,2.8067043339230415,60.75462643021909
Lithuania,2015,2.170346878993976,19.737289117004018,3.053385486926946,55.74770352582215
Lithuania,2016,1.8870897295144125,16.70613427415872,3.1346942334708627,57.78319960406319
Lithuania,2017,1.951714026966875,21.54796174199278,2.860073294622498,54.5800762616803
Lithuania,2018,5.273519056635026,17.16734291901721,2.746115365920877,61.00633015182508
Lithuania,2019,1.7340958134090452,15.462089537563706,2.2342345193782034,55.202117449784666
Lithuania,2020,2.107346931512865,20.49953243247833,2.419609635434684,56.147058038846154
Lithuania,2021,4.649262338310896,20.150660058897365,2.887083541901347,60.40491668208784
Lithuania,2022,0.3806190135371066,27.15358111585778,3.3842318102044793,53.583913802783876
Lithuania,2023,-0.16098990546217629,23.73752937041357,2.8822516442175665,48.527009727599896
Lithuania,2024,-1.8897767018645846,19.19958003558498,2.6087021867171387,41.425777461466026
Slovenia,2000,56.49747009091239,27.921248135447513,4.31023486371362,72.36109157577356
Slovenia,2001,54.50967501505751,28.889606287497887,3.307573057041563,66.60376070386857
Slovenia,2002,64.70268275540418,33.036893476162874,3.3701103352021686,72.0196839379798
Slovenia,2003,66.1063837434945,31.4825969547559,3.4325318294936347,81.34022888948925
Slovenia,2004,63.29972458875969,30.299045606242792,3.5617279658820813,82.65163155052184
Slovenia,2005,55.11365831561006,24.38273401672474,3.348478491693438,78.84785030269211
Slovenia,2006,67.18880383838035,28.512157862941717,3.6466474428675433,86.5187615466368
Slovenia,2007,63.22018443357684,27.422037211860793,3.4650169157479613,85.84226844600511
Slovenia,2008,54.25551203426289,24.8408748510004,3.3173372625634427,77.57820925423627
Slovenia,2009,61.866957119443015,27.401739480876028,3.3355745178387557,78.08939995134722
Slovenia,2010,55.17338996791907,24.434369949413636,3.2627687193707646,77.89344500830448
Slovenia,2011,49.3072398588415,21.769718417095934,3.1341482345106892,73.97733477040347
Slovenia,2012,40.647335060165446,22.646447796214204,3.011343947935023,47.58806546891829
Slovenia,2013,35.11789726619813,19.146118843592127,2.794952019398989,47.077221217744864
Slovenia,2014,35.36298928321263,21.380084226347797,3.0016198142512054,40.47597375304242
Slovenia,2015,43.3077683382559,27.08369103171456,2.946481841329916,38.7747181073843
Slovenia,2016,36.58977261734157,23.165530864786476,2.4913031403021684,33.36064190068868
Slovenia,2017,33.180123085365196,18.50237583763547,2.937170008775436,45.89827935405097
Slovenia,2018,38.07479901374076,19.93680867321091,2.66900886989158,48.526984045193586
Slovenia,2019,31.099578845436405,21.00892691574148,2.404582610826834,32.626732892254395
Slovenia,2020,44.890490418042745,25.978705993418973,2.531847660943848,46.246404605440766
Slovenia,2021,41.04861683216484,22.666167622542964,3.0213267358396423,44.72474419813885
Slovenia,2022,48.512276620478836,26.78948632136274,2.729184293991047,45.78850526001863
Slovenia,2023,41.28112385691762,24.99844639965817,3.4900293102134032,42.33298590548165
Slovenia,2024,38.584966115815,21.60742952664933,3.21704529525115,45.45372697526416
Latvia,2000,53.615700655292464,31.888724379611457,3.631556003969553,82.57874380847564
Latvia,2001,52.63047456713967,29.349650984115684,2.8860981162685406,84.63350481505043
Latvia,2002,54.691847426580686,30.93248735892635,2.977355255991496,82.3388610710249
Latvia,2003,50.5417703917852,32.53992255535164,2.965007095907588,75.99193187527524
Latvia,2004,49.25309707021235,29.97029173174608,2.906593747649465,73.62526468205094
Latvia,2005,38.70930108773403,29.45002406379242,3.1420096204283285,57.19691834870085
Latvia,2006,55.352829601872294,34.5876082825898,3.5544737708036482,75.80977253412526
Latvia,2007,51.65939250358279,35.55333813852704,3.4587967482738584,77.10081121263826
Latvia,2008,44.85715919866896,33.99067258129213,2.799835610066939,66.02341078002682
Latvia,2009,52.110355636778436,34.464437781126676,3.3297756936329943,76.2938665035343
Latvia,2010,40.32068288027481,30.634036742533286,2.816689032127231,60.022287764670246
Latvia,2011,45.811530145005044,30.475212729520795,3.009048076365505,69.21743014977581
Latvia,2012,34.811583611345206,26.691713658304952,2.8234218825408055,55.9996067518895
Latvia,2013,24.855814551178923,20.484080672227265,2.9009328303385997,43.981142471330834
Latvia,2014,22.288922920774308,18.251963574464526,2.547674813782005,39.22866893875636
Latvia,2015,24.82200169737307,17.100693307070056,2.1351682540591126,44.43069405082613
Latvia,2016,26.713407112913814,15.75736428784232,2.4753379150495864,46.989436318889254
Latvia,2017,24.571436004401143,17.80755115456102,3.021547752778143,41.58801198080124
Latvia,2018,18.801785646863383,16.73879198719141,3.118965449037077,37.31289979490127
Latvia,2019,13.181165003942528,14.696766291357795,2.7067245556360153,27.14629302776219
Latvia,2020,18.23062179728381,15.253930178123419,2.6615828675444644,30.551934747990224
Latvia,2021,22.352311100997735,19.73970226275654,2.9413095266712337,36.68863715166974
Latvia,2022,33.4518440577585,23.449216141325266,2.9812650182766323,51.578177203558305
Latvia,2023,34.645911687998634,20.835518985589193,3.079683811065202,57.31840947945535
Latvia,2024,26.716699275776506,20.28562542372961,2.7926140292817476,44.34578119311975
Estonia,2000,15.955338337673037,29.01101692903984,3.0303653894835523,77.39474038240476
Estonia,2001,13.383216674239538,27.729457787689785,2.7549096728392506,62.1233704825865
Estonia,2002,16.94450993932608,28.63961498127467,2.954482681636738,67.9617136619264
Estonia,2003,17.39676674646939,30.50590228827669,3.1738273890463793,73.47075520516846
Estonia,2004,16.39699905267783,29.65451850944527,3.1606971779577004,67.07100527537582
Estonia,2005,14.3478965124292,28.481282863534737,3.4555563454638363,69.91164114419894
Estonia,2006,19.487530472578626,32.52542367806999,3.7272304835715757,83.77968480395702
Estonia,2007,16.58626332008312,28.126119161907884,3.7126109156171183,83.34815963484797
Estonia,2008,14.964914390919727,26.869925483799143,3.566463108891661,67.12287488082453
Estonia,2009,20.4727849912095,32.72250055147372,3.319565199704998,60.52007207143265
Estonia,2010,15.84867067088038,29.965264573282912,3.377827372682412,56.629989643969736
Estonia,2011,15.006200400322253,30.103340771633782,3.242576196264894,75.33925280144041
Estonia,2012,13.770555875916644,27.546375075753097,3.169017720251145,64.56408356126008
Estonia,2013,7.681533861191692,22.042452893299483,2.63270199803048,47.648993894945335
Estonia,2014,9.10400652483843,20.185636548774383,2.278570179410273,39.82666619157419
Estonia,2015,7.746892544218678,19.117636416194763,2.6672920250837615,42.28653635397262
Estonia,2016,6.480540549462162,17.886610489281797,2.7005906150339687,42.63882459827582
Estonia,2017,8.489716721010273,20.438007633102288,2.550838482852261,36.62004355914611
Estonia,2018,9.156055442543618,21.91392602499382,2.4260539086868125,44.75183698122478
Estonia,2019,6.261513761920567,16.877250693460844,2.5896354495937888,36.08956718901443
Estonia,2020,9.398786455159243,18.6782857415183,2.501038758499489,47.68576598640692
Estonia,2021,11.416675766970648,20.78320991428904,3.051607193644632,52.83312255158627
Estonia,2022,15.166749769403026,25.909698261442454,2.9643635147911658,62.197173571394316
Estonia,2023,8.836593640496938,21.279328337104005,3.039518081405028,60.39889997924537
Estonia,2024,3.500854191872769,13.755569606392221,2.69279532937477,47.55198998710277
Cyprus,2000,37.79029430694157,27.125670637654736,3.5149387609616607,41.02645713235394
Cyprus,2001,41.49228479525921,24.72066641165058,2.9236244076884628,55.768028076901565
Cyprus,2002,43.75598137808279,27.67183792146784,3.2354029611997124,55.800092695207184
Cyprus,2003,52.375912944465085,33.28775004982968,3.421561799656604,61.49237870345268
Cyprus,2004,49.20944427986123,29.43105437540136,3.600800690717381,62.299010201610194
Cyprus,2005,47.13878857393625,25.561221989774747,3.658220309358688,65.16607756894531
Cyprus,2006,57.04372769317838,32.223167834498554,3.7390092589644386,72.14250192444013
Cyprus,2007,59.20669574169268,33.530177766772695,3.518328801307008,77.9310440690096
Cyprus,2008,57.6066944531576,31.085798399196495,3.008282277397621,80.60298349907191
Cyprus,2009,55.584563200511624,32.56635974658547,3.3122470103379684,72.83105370337908
Cyprus,2010,44.776003565228464,28.4650692438697,3.1581668622955155,63.714470072565035
Cyprus,2011,45.99362286052409,30.19779224594763,3.365718629758425,60.31541469033211
Cyprus,2012,37.74283891040727,23.20375358681274,2.911901662871498,53.564074151073065
Cyprus,2013,27.129431398472303,18.175635313432252,2.520540214197007,44.90209727179348
Cyprus,2014,27.07116768219651,16.534986182445564,2.549141399053739,41.53432124679149
Cyprus,2015,30.152542700624277,14.008927002522157,2.4938696385984365,51.1191271174071
Cyprus,2016,32.763260315518835,14.52073103586841,2.9415024491824586,59.993175894703434
Cyprus,2017,36.20807765666314,20.245530827997758,2.4953717540954763,54.34931484554009
Cyprus,2018,34.573406140261135,18.97382338364374,2.5609347663202304,54.73371093595878
Cyprus,2019,23.111506355879747,15.907437370507768,2.676850226626705,32.99671161247407
Cyprus,2020,25.446735984842867,16.822190058949232,2.7202686527713644,36.39915506013337
Cyprus,2021,31.91190024242517,18.698552603178097,2.7395041486272147,48.23454823431119
Cyprus,2022,44.91710659652578,22.304148822761874,3.0051818813859965,70.13510469586123
Cyprus,2023,41.85839312821176,20.887691949040253,2.90051410284736,65.56243291966503
Cyprus,2024,32.3162146650517,20.79209590724221,2.7977572047981103,46.64934701189104
Luxembourg,2000,-1.0191728749802231,28.31537031443338,2.845360401535338,69.72191019049257
Luxembourg,2001,-0.21876006538036674,23.948493140055486,2.9801195146194543,63.276058631852194
Luxembourg,2002,-2.63124575722631,28.12119375199822,3.2580655710827586,69.97069681633484
Luxembourg,2003,1.7237743660284919,31.84392047143809,3.2507501862729185,75.78486880370431
Luxembourg,2004,2.0782879663888623,30.001761001196385,3.266398300635396,64.26853104128303
Luxembourg,2005,0.05217464317930798,27.644939781309095,3.3438507058675286,66.15253912100576
Luxembourg,2006,2.8144165303101962,33.14199180141814,3.91412605893902,87.55745915858228
Luxembourg,2007,-1.3068732389618298,32.66169895133986,4.008903907706017,69.58387017389025
Luxembourg,2008,-0.745525905429815,29.97881081804752,3.9746641833076066,64.96092943068393
Luxembourg,2009,-0.48363502347248377,35.37909924003696,3.590502327180281,68.89420390944198
Luxembourg,2010,0.5601816971773725,29.72139397191087,3.559675618817861,59.77722745972942
Luxembourg,2011,-2.6474268374202863,27.297856667858664,3.3766318063447964,64.71627310910485
Luxembourg,2012,-0.3240545210871282,23.524890252411655,2.7623368949251113,50.239121960809925
Luxembourg,2013,-0.5062922688799252,21.662543224827502,2.144694768688135,40.98668629622343
Luxembourg,2014,-2.3900647617635435,18.66735497286285,2.12836224511169,46.80061161733178
Luxembourg,2015,-2.0655723730780093,17.481182163400604,2.49577154826706,46.6795561320208
Luxembourg,2016,-4.143395281875566,19.658501340485813,2.3331289499648245,42.87733000878798
Luxembourg,2017,-3.5335038907747993,22.648633428404008,2.736589042816104,52.918171138840194
Luxembourg,2018,-0.7407251697134143,19.345205737043052,2.2346395815723064,44.681689079614735
Luxembourg,2019,-3.2126419064985043,12.532186750552219,1.946395297315989,43.19491472517308
Luxembourg,2020,-2.4929431444466315,19.58688567054225,2.070212298607772,50.904536837381755
Luxembourg,2021,-1.6093941743664455,20.048110790364834,2.495899532967273,42.61121288725156
Luxembourg,2022,-3.185568756004044,25.31317403751539,3.11474383478535,54.23037168946998
Luxembourg,2023,-4.828857596122286,19.514302715516223,2.8142598483343733,64.46160470339075
Luxembourg,2024,-0.5878188229377459,19.622907872684937,1.8545977174470192,43.95594014423456
Malta,2000,-9.290938926599836,26.173861409027396,3.64614828943228,78.62506106845548
Malta,2001,-8.14479014844285,25.460945780160436,3.1296148155751315,73.27221000483527
Malta,2002,-4.665993279473137,29.04516398786182,3.655272061586017,75.09782192640714
Malta,2003,-6.428125589290352,28.80830922471463,3.5510363423602365,75.91340808917215
Malta,2004,-5.678650203433478,27.46554771398849,3.520260640437864,73.61472454741313
Malta,2005,-3.2991199673363445,29.40540033155863,3.416246597238516,65.64006983682597
Malta,2006,-1.5904887957476688,36.894692206199764,3.928099361945889,79.61147781073552
Malta,2007,-0.5876769928247167,36.22164029015835,3.9334944886032126,81.91995835465502
Malta,2008,-8.06227142492153,30.98119340990325,3.320822134361504,77.56729300180545
Malta,2009,-3.0934927737524682,30.10719654372625,3.4067639481727157,73.47743901021626
Malta,2010,-4.0386732143662725,25.1002489742323,2.861397855123944,54.52450770819004
Malta,2011,-4.791039627831282,26.87423102923968,3.1101858432926095,65.70798492410322
Malta,2012,-5.484888108597577,24.255495647191296,2.9244451612949516,58.490470890118324
Malta,2013,-6.039607831277712,23.451368081207814,2.6765973941510905,46.81983734391759
Malta,2014,-6.146750623003714,22.699933498740684,2.963899832363568,49.31868731006395
Malta,2015,-7.808618400458835,19.517028642562476,2.903083020021645,46.09389855339991
Malta,2016,-6.587526055470118,21.61990522699545,2.8801617844298715,51.606720197567306
Malta,2017,-7.352087505689408,19.71799874050125,2.5807661188718547,55.243812564490966
Malta,2018,-7.931534721888594,19.134994913883006,2.4972750127109133,55.715352661447156
Malta,2019,-5.790562756210276,17.085951455571504,2.369941195701101,38.310069784919285
Malta,2020,-4.978894445521094,23.64454272946248,2.730717002557979,55.175617340827245
Malta,2021,-3.814797322857129,29.433736687901977,2.7201951704593363,58.02222402807609
Malta,2022,-3.394316175995966,30.390107017382483,3.074605874499089,59.321972847115156
Malta,2023,-6.152540911778957,26.479529857881975,2.680314430562274,57.13138883966311
Malta,2024,-3.1950832197986943,22.288775663902772,2.3170097034320123,40.05222068185418
Norway,2000,31.445660997505176,29.855016611173777,3.298504420271304,56.42150897593782
Norway,2001,27.744945299148213,25.681891473240626,2.857352597695994,61.384527657372516
Norway,2002,36.620007134416596,25.095362440984516,3.108185291438909,78.39044825706783
Norway,2003,34.920988714377344,26.10226164619258,3.0367828050939094,73.9090067152864
Norway,2004,36.065422035018166,30.356683808004366,3.3409031612436224,69.16101752368986
Norway,2005,34.977622231454234,27.82900417264007,3.3972573891803286,73.80669498552457
Norway,2006,49.72347201676376,34.961071513925326,3.469566486783472,90.43988279096533
Norway,2007,44.91960591102694,33.524383061081785,3.342625603098236,93.38370611112907
Norway,2008,36.64699173065553,27.795996003579113,2.8374047170517285,82.35168857347597
Norway,2009,41.79560270720148,27.796069564775788,3.152598031953627,86.62711778418316
Norway,2010,31.0353754659454,29.37106815085224,2.932447819166174,64.2838758971378
Norway,2011,32.76491869747955,27.40736927079561,2.761432603471378,70.39350018608472
Norway,2012,27.135816687968596,24.671784397062467,2.3873244060219267,66.55157704680478
Norway,2013,19.454047031161405,21.599749501501265,2.099260848510722,47.110335764983496
Norway,2014,16.22849437629778,19.672332206350248,2.377350694122943,38.120503071604986
Norway,2015,13.192156164948162,20.883266749964164,2.6311572407606376,28.80618164457949
Norway,2016,15.867527046242557,21.344298273808636,2.461784162993585,33.0386682091585
Norway,2017,19.304630821166807,20.007481965358217,2.629994203359829,41.28122087224783
Norway,2018,15.309537613691152,16.630525564002628,2.487161649068712,38.31699490994498
Norway,2019,10.345001569544593,14.466101611201701,2.156073699746432,34.397199787183986
Norway,2020,19.066435485864282,19.40687087966564,2.7866294870384403,40.59844645299953
Norway,2021,21.189419096369328,19.591300680741043,3.0785123391294027,50.003734151660545
Norway,2022,26.16658476825293,21.212197956849185,3.0111886160198185,52.99507366638599
Norway,2023,20.118314645462632,21.66013200706804,3.131042884866869,49.70751256587987
Norway,2024,15.299114930232857,19.576228393922932,2.7674966442627498,37.77311647623406
Switzerland,2000,-0.3144146657853819,28.88867113408366,3.45452928901627,62.786238199752155
Switzerland,2001,1.1530933487906747,25.838480044041344,3.2073257378141435,63.67784715879376
Switzerland,2002,1.5514895620960258,27.414946902786365,3.4456089387246878,66.99893744161174
Switzerland,2003,2.438514061535669,30.73112174319046,3.5384298651433066,71.8970040413805
Switzerland,2004,0.8046288444399005,29.09399831202592,3.1783981659528644,72.27949570916081
Switzerland,2005,0.7691962370294666,24.795337871930805,3.333225066744754,56.03688393477287
Switzerland,2006,6.06054904137304,34.009578597689625,3.8238499535200643,78.80807199035495
Switzerland,2007,0.4122984305627737,35.93355845574063,3.54679776694433,77.28695331314152
Switzerland,2008,2.092679245371013,28.901820291058662,3.3430111755665726,67.0772263885732
Switzerland,2009,2.8273306901502897,31.753511452395294,3.5999139662730064,84.58263420935327
Switzerland,2010,-1.320153033185265,27.25096546289705,3.237258374496533,62.229954214842934
Switzerland,2011,-0.7488215780190075,27.316146711453886,3.4112193507517414,68.27903824395763
Switzerland,2012,1.0754863953446365,25.258330428915944,3.5571005814803973,54.891010104123026
Switzerland,2013,-3.9506698438904717,21.165913402031283,2.8535060435537702,42.13283889214875
Switzerland,2014,-4.8077184918770035,18.180412763421632,2.4237154106563414,44.53143540441033
Switzerland,2015,-1.3962321007276721,17.9917711616413,2.646560616432529,47.32237892950861
Switzerland,2016,-2.7708923901243505,16.485779080602953,2.759842137564087,46.23157778440349
Switzerland,2017,-2.850712249952244,17.24001944325531,2.712359882253221,52.27281520526665
Switzerland,2018,-2.055064021202229,18.301813049189747,2.9714889092609846,44.43912880506183
Switzerland,2019,-5.559977566933243,15.069869293245583,2.3224092006698696,29.062970560436824
Switzerland,2020,0.5410354531833775,20.37802132861041,2.735510347013963,33.40369460649423
Switzerland,2021,0.2531696058154219,24.803902154802124,2.6985627774657526,38.21034307470856
Switzerland,2022,1.2728468197439569,25.187536978289252,3.345351991052981,72.82913816872903
Switzerland,2023,-1.0963189367250317,24.231045367631886,3.5113899115055873,69.72685360186279
Switzerland,2024,-1.5386277694682995,21.70303300781239,2.7983744939485207,41.22535512541653
Iceland,2000,54.86863635827928,23.239424469195836,3.0677214426477404,78.13654162332767
Iceland,2001,43.32080408182137,24.16998689781384,2.904790989361336,60.24847253591144
Iceland,2002,54.93683098236708,28.23276852094413,3.3279281591355736,65.76261969700906
Iceland,2003,57.407752796419096,30.7774819299357,3.494406589000834,60.85602432089457
Iceland,2004,52.2091614320066,29.59644279828576,3.1125515627960683,65.19057229825009
Iceland,2005,47.82675645875307,27.75766543287583,3.101776797138893,57.689836610346326
Iceland,2006,64.5480346592809,34.03737222593553,3.3676450227763577,70.2331318576999
Iceland,2007,58.75265912214256,33.91368007080838,3.154323025544705,65.342464523128
Iceland,2008,48.41164321303981,25.845805813801572,3.039160332155273,66.28982300792816
Iceland,2009,62.74254615497292,29.108045982895664,3.2278789885145445,76.45819728239857
Iceland,2010,52.63305839735407,24.788211933855898,3.5482953621865208,64.39061487534913
Iceland,2011,51.34182855148924,25.975741768490398,3.445639240575445,64.8278180054339
Iceland,2012,40.90672467715662,28.89974682656655,2.7598285555972213,47.32673440709677
Iceland,2013,33.26282586207824,23.14229274827268,2.5212552628552682,44.23341041577955
Iceland,2014,37.10223038392191,19.518629714519218,2.839736971093686,48.194058523131346
Iceland,2015,51.03795957681953,21.533997225049,3.313580304035022,69.64752405759623
Iceland,2016,41.18273638559098,20.41156567512304,2.7091273370975966,54.50490247440816
Iceland,2017,45.44865062375386,21.19599042248557,2.3964832191635246,64.08370102193811
Iceland,2018,43.674265789012445,20.98808639542338,2.952343801016843,64.37157111430923
Iceland,2019,35.26460173062013,20.454289079281402,2.714056922028732,53.48137100533537
Iceland,2020,45.584775043109666,19.12649227048288,2.611253529838819,65.24795064794262
Iceland,2021,47.61773790003387,21.881042702456277,2.8761624031668016,63.54628396748839
Iceland,2022,49.17493193620512,23.467544616615122,2.5799344116596536,69.7374731087305
Iceland,2023,51.5471343207065,23.776979814979136,2.7789192847625857,64.32782650579382
Iceland,2024,39.503002003024385,17.560958614959993,2.663571940444104,60.51442003035628
